date,temperature_2m,relative_humidity_2m,dew_point_2m,apparent_temperature,precipitation,rain,snowfall,snow_depth,weather_code,pressure_msl,surface_pressure,cloud_cover,cloud_cover_low,cloud_cover_mid,cloud_cover_high,et0_fao_evapotranspiration,vapour_pressure_deficit,wind_speed_10m,wind_speed_100m,wind_direction_10m,wind_direction_100m,wind_gusts_10m,soil_temperature_0_to_7cm,soil_temperature_7_to_28cm,soil_temperature_28_to_100cm,soil_temperature_100_to_255cm,soil_moisture_0_to_7cm,soil_moisture_7_to_28cm,soil_moisture_28_to_100cm,soil_moisture_100_to_255cm
2025-02-19 22:00:00+00:00,13.915,79.0,10.332305,13.644711,0.0,0.0,0.0,0.0,0.0,1018.1,1015.4387,0.0,0.0,0.0,0.0,0.0,0.33423257,2.6208394,15.716793,344.05453,339.90466,8.64,,,,,,,,
2025-02-19 23:00:00+00:00,13.264999,83.0,10.438987,13.102032,0.0,0.0,0.0,0.0,1.0,1017.9,1015.2332,30.0,30.0,0.0,0.0,0.0,0.25937665,2.0991426,13.5515,329.03632,343.0091,5.3999996,,,,,,,,
2025-02-20 00:00:00+00:00,13.014999,85.0,10.551429,12.9684925,0.0,0.0,0.0,0.0,1.0,1017.8,1015.1309,5.0,5.0,0.0,0.0,0.0,0.2251594,1.5273507,13.708391,315.0001,346.32867,4.32,,,,,,,,
2025-02-20 01:00:00+00:00,12.665,88.0,10.728515,12.6110325,0.0,0.0,0.0,0.0,1.0,1017.6,1014.92816,34.0,34.0,0.0,0.0,0.0,0.1760515,1.9386592,13.896187,291.80148,343.44284,2.16,,,,,,,,
2025-02-20 02:00:00+00:00,12.514999,89.0,10.750567,12.430996,0.0,0.0,0.0,0.0,2.0,1017.5,1014.8273,71.0,71.0,0.0,0.0,0.0,0.15980268,2.1897945,13.358861,260.53775,345.9637,2.16,,,,,,,,
2025-02-20 03:00:00+00:00,12.714999,90.0,11.116193,12.650524,0.0,0.0,0.0,0.0,2.0,1017.8,1015.1284,76.0,75.0,4.0,0.0,0.0,0.14718807,2.8116899,12.43434,230.19447,337.8905,4.32,,,,,,,,
2025-02-20 04:00:00+00:00,12.964999,91.0,11.530138,13.066988,0.0,0.0,0.0,0.0,2.0,1018.3,1015.6293,77.0,76.0,5.0,0.0,0.0,0.13464952,2.5455842,10.636766,224.9999,336.0375,5.3999996,,,,,,,,
2025-02-20 05:00:00+00:00,13.065,90.0,11.461828,13.0653,0.0,0.0,0.0,0.0,2.0,1018.6,1015.92944,75.0,73.0,6.0,0.0,0.014677784,0.15059078,3.096837,7.754637,234.46223,338.19852,7.2,,,,,,,,
2025-02-20 06:00:00+00:00,14.214999,84.0,11.5492,14.261053,0.0,0.0,0.0,0.0,2.0,1019.1,1016.4386,83.0,67.0,43.0,0.0,0.047978923,0.25963366,2.968636,7.7043357,255.96373,322.59457,10.799999,,,,,,,,
2025-02-20 07:00:00+00:00,15.315,79.0,11.693434,14.958948,0.1,0.0,0.0,0.0,2.0,1019.4,1016.74805,78.0,54.0,54.0,0.0,0.12442536,0.36577785,6.0347,9.686609,287.3541,318.01288,19.44,,,,,,,,
2025-02-20 08:00:00+00:00,16.165,75.0,11.729962,15.526375,0.1,0.0,0.0,0.0,3.0,1019.5,1016.8557,80.0,61.0,49.0,0.0,0.17690194,0.45975482,8.049845,11.304229,296.56497,307.23492,25.56,,,,,,,,
2025-02-20 09:00:00+00:00,17.165,65.0,10.529643,15.746723,0.1,0.0,0.0,0.0,3.0,1019.6,1016.9644,92.0,62.0,78.0,0.0,0.235447,0.68585324,10.883676,11.885453,325.78424,305.13428,31.319998,,,,,,,,
2025-02-20 10:00:00+00:00,17.915,61.0,10.286714,16.750494,0.0,0.0,0.0,0.0,3.0,1018.7,1016.07355,78.0,58.0,49.0,0.0,0.26598358,0.80122864,8.654987,19.09358,315.0001,314.23618,32.039997,,,,,,,,
2025-02-20 11:00:00+00:00,19.165,50.0,8.492795,16.980267,0.0,0.0,0.0,0.0,2.0,1018.3,1015.6859,78.0,55.0,54.0,0.0,0.295111,1.1108048,12.261157,27.36947,319.7637,324.63745,31.319998,,,,,,,,
2025-02-20 12:00:00+00:00,19.565,47.0,7.947618,17.10575,0.0,0.0,0.0,0.0,3.0,1017.8,1015.1907,86.0,81.0,60.0,0.0,0.32225406,1.2071056,13.18308,24.912935,325.0079,322.63324,34.56,,,,,,,,
2025-02-20 13:00:00+00:00,19.765001,43.0,6.827128,17.351877,0.0,0.0,0.0,0.0,2.0,1017.9,1015.2921,72.0,66.0,59.0,0.0,0.2717017,1.3144538,10.990322,28.555965,328.39255,326.3099,34.56,,,,,,,,
2025-02-20 14:00:00+00:00,19.415,39.0,5.0992613,16.386194,0.0,0.0,0.0,0.0,3.0,1018.0,1015.389,82.0,61.0,73.0,0.0,0.22440189,1.3765602,12.55879,33.353954,332.7005,327.3391,32.039997,,,,,,,,
2025-02-20 15:00:00+00:00,18.165,42.0,5.041815,15.239311,0.0,0.0,0.0,0.0,3.0,1019.1,1016.4746,88.0,60.0,81.0,0.0,0.14651403,1.2106395,11.770403,35.58905,336.5713,321.15915,31.319998,,,,,,,,
2025-02-20 16:00:00+00:00,17.015001,43.0,4.339947,13.944176,0.0,0.0,0.0,0.0,3.0,1019.5,1016.86346,91.0,50.0,83.0,0.0,0.10565842,1.1066458,11.770403,39.69969,336.5713,329.48184,32.760002,,,,,,,,
2025-02-20 17:00:00+00:00,15.514999,49.0,4.841831,12.554201,0.0,0.0,0.0,0.0,1.0,1020.4,1017.7474,47.0,31.0,34.0,0.0,0.06685239,0.8999911,11.726277,37.51262,342.12122,333.18912,33.839996,,,,,,,,
2025-02-20 18:00:00+00:00,14.264999,54.0,5.081308,11.167625,0.0,0.0,0.0,0.0,2.0,1021.4,1018.7333,52.0,17.0,45.0,0.0,0.061922893,0.74902993,13.009903,35.16962,345.5792,337.1094,31.68,,,,,,,,
2025-02-20 19:00:00+00:00,12.865,63.0,5.9911366,10.462744,0.0,0.0,0.0,0.0,1.0,1021.6,1018.9196,44.0,4.0,42.0,0.0,0.031443484,0.55005974,9.605998,33.16692,347.00537,332.87878,32.039997,,,,,,,,
2025-02-20 20:00:00+00:00,12.014999,68.0,6.289569,10.164382,0.0,0.0,0.0,0.0,1.0,1021.5,1018.8119,23.0,5.0,20.0,0.0,0.011793558,0.44992936,6.28713,28.84721,346.75946,330.87604,23.039999,,,,,,,,
2025-02-20 21:00:00+00:00,11.264999,70.0,5.9917855,9.532611,0.0,0.0,0.0,0.0,0.0,1021.4,1018.70514,0.0,0.0,0.0,0.0,0.0047171875,0.4014395,5.0142193,27.212759,338.9624,332.41806,14.759999,,,,,,,,
2025-02-20 22:00:00+00:00,10.615,73.0,5.9744163,8.960575,0.0,0.0,0.0,0.0,0.0,1021.4,1018.6991,1.0,0.0,0.0,1.0,0.00027646244,0.34604055,4.452954,25.872456,345.9637,328.07916,11.879999,,,,,,,,
2025-02-20 23:00:00+00:00,10.115,75.0,5.8828864,8.614094,0.0,0.0,0.0,0.0,0.0,1021.4,1018.6944,5.0,2.0,0.0,3.0,0.0,0.3099031,3.2599385,26.208397,353.6599,322.81522,10.08,,,,,,,,
2025-02-21 00:00:00+00:00,9.764999,77.0,5.9247127,8.433829,0.0,0.0,0.0,0.0,1.0,1021.3,1018.5911,38.0,30.0,2.0,10.0,0.0,0.27851218,2.16,24.850431,360.0,321.4698,7.2,,,,,,,,
2025-02-21 01:00:00+00:00,9.565,77.0,5.73074,8.223006,0.0,0.0,0.0,0.0,1.0,1020.8,1018.0905,43.0,35.0,11.0,7.0,0.0,0.27480322,1.9386592,24.627789,338.19852,322.12497,4.68,,,,,,,,
2025-02-21 02:00:00+00:00,9.415,78.0,5.7716026,8.207258,0.0,0.0,0.0,0.0,1.0,1020.9,1018.18896,49.0,31.0,0.0,24.0,0.0,0.26022106,1.08,23.86341,270.0,326.07016,2.8799999,,,,,,,,
2025-02-21 03:00:00+00:00,9.264999,78.0,5.625898,7.9726353,0.0,0.0,0.0,0.0,1.0,1021.0,1018.28705,17.0,13.0,0.0,4.0,0.0,0.25761098,1.4399999,21.749483,270.0,331.31393,1.4399999,,,,,,,,
2025-02-21 04:00:00+00:00,9.165,78.0,5.5287633,7.7988796,0.0,0.0,0.0,0.0,1.0,1021.5,1018.7848,31.0,31.0,0.0,0.0,0.0,0.25588363,1.8,19.319628,216.86998,333.43503,1.4399999,,,,,,,,
2025-02-21 05:00:00+00:00,9.115,78.0,5.480193,7.6946726,0.0,0.0,0.0,0.0,1.0,1021.7,1018.984,37.0,37.0,0.0,0.0,0.011597741,0.2550239,2.0991426,18.709612,210.96368,329.98172,2.8799999,,,,,,,,
2025-02-21 06:00:00+00:00,9.964999,74.0,5.5440702,8.532709,0.0,0.0,0.0,0.0,2.0,1022.1,1019.3909,69.0,69.0,0.0,0.0,0.05478511,0.31908542,2.2768397,19.694992,198.43504,329.2159,6.4799995,,,,,,,,
2025-02-21 07:00:00+00:00,11.764999,63.0,4.9493165,10.020146,0.0,0.0,0.0,0.0,2.0,1022.3,1019.6076,66.0,66.0,0.0,0.0,0.13608001,0.51174784,3.5455887,19.171478,246.0375,325.71307,11.159999,,,,,,,,
2025-02-21 08:00:00+00:00,13.964999,52.0,4.2623167,11.864214,0.0,0.0,0.0,0.0,2.0,1022.4,1019.72784,66.0,66.0,0.0,0.0,0.251704,0.7665784,5.0142193,18.875126,291.03757,325.09744,15.84,,,,,,,,
2025-02-21 09:00:00+00:00,15.315,42.0,2.4695847,12.527763,0.0,0.0,0.0,0.0,2.0,1022.2,1019.5408,73.0,51.0,51.0,0.0,0.3258163,1.0105295,8.435069,17.935081,320.1945,321.51978,24.48,,,,,,,,
2025-02-21 10:00:00+00:00,16.115,38.0,1.7834115,12.869215,0.0,0.0,0.0,0.0,3.0,1021.5,1018.8499,89.0,67.0,79.0,0.0,0.31112236,1.1369076,9.686609,18.947083,318.01288,321.17017,27.359999,,,,,,,,
2025-02-21 11:00:00+00:00,16.515001,37.0,1.7666882,13.268223,0.0,0.0,0.0,0.0,2.0,1020.8,1018.15564,76.0,25.0,70.0,0.0,0.27028224,1.1850224,9.673221,21.178896,315.0001,328.2011,29.16,,,,,,,,
2025-02-21 12:00:00+00:00,17.515001,32.0,0.6269897,13.626974,0.0,0.0,0.0,0.0,3.0,1020.1,1017.4664,99.0,30.0,98.0,0.0,0.3264095,1.3626417,12.768586,24.464113,319.574,327.01147,33.12,,,,,,,,
2025-02-21 13:00:00+00:00,18.015001,31.0,0.6233778,14.540121,0.0,0.0,0.0,0.0,2.0,1019.9,1017.2713,64.0,10.0,57.0,0.0,0.27287278,1.4268641,9.931042,27.155552,316.46872,321.45877,33.48,,,,,,,,
2025-02-21 14:00:00+00:00,18.265001,30.0,0.38672045,14.436647,0.0,0.0,0.0,0.0,2.0,1019.6,1016.9743,59.0,21.0,51.0,0.0,0.266623,1.4704261,12.096214,26.250393,323.47104,317.77924,31.319998,,,,,,,,
2025-02-21 15:00:00+00:00,17.215,32.0,0.36459678,13.238489,0.0,0.0,0.0,0.0,2.0,1019.7,1017.06476,67.0,23.0,56.0,0.0,0.18228954,1.3370905,13.089354,23.708124,328.4958,318.07755,33.12,,,,,,,,
2025-02-21 16:00:00+00:00,15.815,38.0,1.5156592,12.267551,0.0,0.0,0.0,0.0,2.0,1020.3,1017.6505,75.0,51.0,65.0,0.0,0.102514304,1.1153581,11.440979,25.460936,335.85446,326.5346,33.48,,,,,,,,
2025-02-21 17:00:00+00:00,14.565,41.0,1.4554644,10.839222,0.0,0.0,0.0,0.0,2.0,1021.0,1018.3372,49.0,13.0,43.0,0.0,0.08256862,0.9795582,12.594856,27.06472,329.03632,331.38962,30.960001,,,,,,,,
2025-02-21 18:00:00+00:00,13.115,48.0,2.3448553,9.826144,0.0,0.0,0.0,0.0,1.0,1021.9,1019.2212,39.0,22.0,31.0,0.0,0.057214886,0.78582776,10.661107,23.83624,348.31067,334.98312,32.399998,,,,,,,,
2025-02-21 19:00:00+00:00,11.915,55.0,3.1547177,8.8966875,0.0,0.0,0.0,0.0,1.0,1022.2,1019.5091,31.0,31.0,0.0,0.0,0.04135424,0.62859464,9.826088,25.603062,331.55716,332.3541,25.919998,,,,,,,,
2025-02-21 20:00:00+00:00,10.915,62.0,3.9160962,8.413485,0.0,0.0,0.0,0.0,0.0,1022.1,1019.3998,1.0,1.0,0.0,0.0,0.020888189,0.49684483,7.289445,25.683926,327.09476,328.76083,24.48,,,,,,,,
2025-02-21 21:00:00+00:00,10.115,67.0,4.261909,7.988388,0.0,0.0,0.0,0.0,0.0,1021.8,1019.0933,0.0,0.0,0.0,0.0,0.0072500464,0.40908223,5.1919937,22.608458,326.3099,322.76508,18.359999,,,,,,,,
2025-02-21 22:00:00+00:00,9.365,69.0,3.9643734,7.526017,0.0,0.0,0.0,0.0,0.0,1021.8,1019.0859,0.0,0.0,0.0,0.0,0.0,0.36545408,2.8116899,19.881649,320.1945,317.93573,7.92,,,,,,,,
2025-02-21 23:00:00+00:00,8.865,73.0,4.28765,7.0906696,0.0,0.0,0.0,0.0,0.0,1021.7,1018.98145,0.0,0.0,0.0,0.0,0.0,0.30775785,2.8116899,21.897945,320.1945,313.66785,6.12,,,,,,,,
2025-02-22 00:00:00+00:00,8.464999,75.0,4.2874193,6.7220526,0.0,0.0,0.0,0.0,0.0,1021.6,1018.8778,0.0,0.0,0.0,0.0,0.0,0.27735996,2.5959969,22.493519,326.3099,309.8055,5.7599998,,,,,,,,
2025-02-22 01:00:00+00:00,8.065,78.0,4.460185,6.3256655,0.0,0.0,0.0,0.0,0.0,1021.6,1018.87396,0.0,0.0,0.0,0.0,0.0,0.23754537,2.8116899,22.682856,320.1945,305.9606,6.12,,,,,,,,
2025-02-22 02:00:00+00:00,7.815,79.0,4.3992577,6.3072414,0.0,0.0,0.0,0.0,1.0,1021.4,1018.672,14.0,14.0,0.0,0.0,0.0,0.22292644,1.1384199,23.78453,341.56494,320.52756,5.7599998,,,,,,,,
2025-02-22 03:00:00+00:00,7.665,78.0,4.0715795,6.022459,0.0,0.0,0.0,0.0,0.0,1021.5,1018.7705,0.0,0.0,0.0,0.0,0.0,0.23116952,1.609969,22.104116,243.43501,329.67648,1.8,,,,,,,,
2025-02-22 04:00:00+00:00,7.6150002,79.0,4.2046647,5.9145403,0.0,0.0,0.0,0.0,2.0,1021.8,1019.069,66.0,66.0,0.0,0.0,0.0,0.21991092,2.1897945,20.08916,189.46225,323.74606,2.8799999,,,,,,,,
2025-02-22 05:00:00+00:00,7.815,77.0,4.0332856,6.0284023,0.0,0.0,0.0,0.0,2.0,1022.4,1019.6693,67.0,67.0,0.0,0.0,0.014211994,0.24415839,2.5455842,18.391737,171.86998,319.7637,2.8799999,,,,,,,,
2025-02-22 06:00:00+00:00,8.714999,69.0,3.341857,6.782876,0.0,0.0,0.0,0.0,2.0,1023.0,1020.2767,53.0,53.0,0.0,0.0,0.0563063,0.34979337,2.6208394,17.057314,254.05453,314.145,9.0,,,,,,,,
2025-02-22 07:00:00+00:00,10.365,60.0,2.9319584,8.3051,0.0,0.0,0.0,0.0,2.0,1023.4,1020.6913,77.0,77.0,0.0,0.0,0.13470587,0.50420725,2.968636,22.476227,284.03625,328.09195,10.799999,,,,,,,,
2025-02-22 08:00:00+00:00,12.665,52.0,3.0583932,10.493662,0.0,0.0,0.0,0.0,1.0,1022.9,1020.2143,33.0,33.0,0.0,0.0,0.25151092,0.7043509,3.8939953,24.967499,326.3099,335.2826,12.959999,,,,,,,,
2025-02-22 09:00:00+00:00,14.865,40.0,1.3808264,12.559925,0.0,0.0,0.0,0.0,2.0,1022.2,1019.5366,54.0,54.0,0.0,0.0,0.36680326,1.0156024,8.217153,23.241617,331.1893,343.8107,23.4,,,,,,,,
2025-02-22 10:00:00+00:00,16.265001,32.0,-0.46656218,13.068029,0.0,0.0,0.0,0.0,2.0,1021.1,1018.4523,51.0,51.0,0.0,0.0,0.392538,1.2589245,11.298495,21.889065,329.3494,323.6954,29.88,,,,,,,,
2025-02-22 11:00:00+00:00,17.115,29.0,-1.0758451,13.993391,0.0,0.0,0.0,0.0,2.0,1020.6,1017.96155,69.0,51.0,47.0,0.0,0.4248323,1.3872972,11.753877,25.63847,332.6502,321.8427,32.039997,,,,,,,,
2025-02-22 12:00:00+00:00,17.615,28.0,-1.1237605,13.935726,0.0,0.0,0.0,0.0,2.0,1020.3,1017.6667,71.0,25.0,60.0,0.0,0.39862156,1.4519359,12.55879,26.787966,332.7005,318.81415,32.760002,,,,,,,,
2025-02-22 13:00:00+00:00,18.015001,21.0,-4.657735,13.608734,0.0,0.0,0.0,0.0,1.0,1020.3,1017.6702,13.0,0.0,13.0,0.0,0.36729115,1.633686,11.592894,32.078403,323.8417,315.90927,32.760002,,,,,,,,
2025-02-22 14:00:00+00:00,18.065,25.0,-2.279584,13.805683,0.0,0.0,0.0,0.0,2.0,1020.2,1017.5712,55.0,0.0,55.0,0.0,0.2978019,1.5558453,12.397806,31.845251,334.17905,312.70938,32.399998,,,,,,,,
2025-02-22 15:00:00+00:00,16.615,30.0,-1.0458394,12.374527,0.0,0.0,0.0,0.0,1.0,1020.8,1018.15625,36.0,31.0,6.0,0.0,0.18721932,1.3251095,13.441071,37.388042,339.62347,321.25403,38.88,,,,,,,,
2025-02-22 16:00:00+00:00,15.115,34.0,-0.6445196,10.996155,0.0,0.0,0.0,0.0,1.0,1021.5,1018.84076,33.0,32.0,1.0,0.0,0.11369023,1.1352766,13.009903,40.83898,345.5792,326.87027,33.12,,,,,,,,
2025-02-22 17:00:00+00:00,13.714999,38.0,-0.3595809,9.957585,0.0,0.0,0.0,0.0,1.0,1022.5,1019.82526,22.0,22.0,0.0,0.0,0.074119925,0.9742782,10.823973,38.3176,356.186,333.19427,32.039997,,,,,,,,
2025-02-22 18:00:00+00:00,12.315,45.0,0.7121392,9.189607,0.0,0.0,0.0,0.0,0.0,1023.4,1020.70984,0.0,0.0,0.0,0.0,0.042164013,0.78877246,7.6367526,38.017094,351.87,335.37646,29.519999,,,,,,,,
2025-02-22 19:00:00+00:00,11.115,50.0,1.0754884,8.20462,0.0,0.0,0.0,0.0,0.0,1023.7,1020.9975,6.0,0.0,0.0,6.0,0.029119784,0.6624872,6.5693827,34.145008,350.53775,335.05612,18.0,,,,,,,,
2025-02-22 20:00:00+00:00,10.165,55.0,1.5225267,7.4725304,0.0,0.0,0.0,0.0,1.0,1023.4,1020.68933,8.0,0.0,0.0,8.0,0.018475192,0.55971617,5.5887027,29.354902,14.931467,336.89365,15.4800005,,,,,,,,
2025-02-22 21:00:00+00:00,9.365,61.0,2.2215514,6.9244604,0.0,0.0,0.0,0.0,2.0,1023.5,1020.7814,57.0,0.0,36.0,39.0,0.0090460135,0.45976973,4.6938252,27.086262,4.398633,336.5014,12.959999,,,,,,,,
2025-02-22 22:00:00+00:00,8.615,66.0,2.6182332,6.3433123,0.0,0.0,0.0,0.0,1.0,1023.7,1020.9738,23.0,0.0,19.0,13.0,0.00259859,0.38106126,4.0249224,25.277023,349.69522,342.5972,11.159999,,,,,,,,
2025-02-22 23:00:00+00:00,8.065,70.0,2.9223175,5.9085255,0.0,0.0,0.0,0.0,1.0,1023.9,1021.16785,37.0,0.0,37.0,13.0,0.0,0.32392853,3.6179552,23.871555,354.2895,336.91483,9.36,,,,,,,,
2025-02-23 00:00:00+00:00,7.565,73.0,3.0343487,5.4088516,0.0,0.0,0.0,0.0,2.0,1024.0,1021.2628,63.0,20.0,50.0,5.0,0.0,0.28178197,3.7585104,21.9718,343.3007,341.86182,9.72,,,,,,,,
2025-02-23 01:00:00+00:00,7.265,75.0,3.1268613,5.1261625,0.0,0.0,0.0,0.0,3.0,1023.6,1020.86096,100.0,33.0,100.0,100.0,0.0,0.25561953,3.7585104,22.450264,343.3007,344.18073,9.0,,,,,,,,
2025-02-23 02:00:00+00:00,7.1150002,76.0,3.1690753,5.0481825,0.0,0.0,0.0,0.0,3.0,1023.7,1020.95917,100.0,35.0,100.0,100.0,0.0,0.24288988,3.319036,20.545246,347.4712,348.887,11.5199995,,,,,,,,
2025-02-23 03:00:00+00:00,6.965,79.0,3.5722096,4.9341373,0.0,0.0,0.0,0.0,2.0,1023.6,1020.85803,56.0,35.0,32.0,10.0,0.0,0.21035635,3.6,20.721119,360.0,352.01077,8.64,,,,,,,,
2025-02-23 04:00:00+00:00,6.665,82.0,3.8093472,4.7212477,0.0,0.0,0.0,0.0,2.0,1023.7,1020.95465,66.0,37.0,45.0,3.0,0.0,0.17663229,3.319036,19.829433,12.528798,356.87793,8.64,,,,,,,,
2025-02-23 05:00:00+00:00,6.715,83.0,4.0308266,4.771406,0.0,0.0,0.0,0.0,3.0,1024.1,1021.3542,82.0,49.0,62.0,5.0,0.013382996,0.16739303,3.6179552,24.923338,5.7105074,10.822971,7.92,,,,,,,,
2025-02-23 06:00:00+00:00,7.765,78.0,4.1687326,5.892658,0.0,0.0,0.0,0.0,2.0,1024.9,1022.1624,71.0,60.0,19.0,0.0,0.05210746,0.23274916,3.319036,29.795301,347.4712,11.852991,10.08,,,,,,,,
2025-02-23 07:00:00+00:00,9.615,69.0,4.203784,7.4307413,0.0,0.0,0.0,0.0,3.0,1025.4,1022.67896,85.0,46.0,68.0,0.0,0.14151366,0.37163955,5.506941,29.96662,11.3098955,16.04002,15.84,,,,,,,,
2025-02-23 08:00:00+00:00,11.865,60.0,4.3450065,9.544287,0.0,0.0,0.0,0.0,2.0,1025.2,1022.5009,81.0,31.0,67.0,0.0,0.22941859,0.5569049,6.638072,29.379177,12.528798,17.102825,19.44,,,,,,,,
2025-02-23 09:00:00+00:00,13.714999,46.0,2.295929,10.545598,0.0,0.0,0.0,0.0,2.0,1024.6,1021.91974,72.0,56.0,32.0,0.0,0.31232154,0.84855145,11.183201,25.872454,33.178535,21.2093,30.239998,,,,,,,,
2025-02-23 10:00:00+00:00,14.815,41.0,1.6806563,11.809692,0.0,0.0,0.0,0.0,2.0,1024.0,1021.33167,64.0,55.0,18.0,0.0,0.35267812,0.9954643,11.113451,24.1388,24.904745,17.354122,31.319998,,,,,,,,
2025-02-23 11:00:00+00:00,15.915,34.0,0.060652982,12.608,0.0,0.0,0.0,0.0,3.0,1023.2,1020.5436,98.0,54.0,96.0,3.0,0.369419,1.1949368,10.948973,23.675303,9.462261,8.746089,29.88,,,,,,,,
2025-02-23 12:00:00+00:00,16.315,33.0,0.0007824689,12.404966,0.0,0.0,0.0,0.0,3.0,1022.7,1020.04877,92.0,27.0,85.0,6.0,0.3289018,1.2443602,12.245294,23.857979,358.31534,354.80566,33.48,,,,,,,,
2025-02-23 13:00:00+00:00,16.965,29.0,-1.2056093,12.965412,0.0,0.0,0.0,0.0,3.0,1022.5,1019.855,94.0,26.0,89.0,10.0,0.32932252,1.3741946,11.631956,25.364037,338.19852,353.4803,31.68,,,,,,,,
2025-02-23 14:00:00+00:00,16.115,34.0,0.23690538,12.099897,0.0,0.0,0.0,0.0,3.0,1023.0,1020.34607,91.0,17.0,84.0,1.0,0.20877545,1.2102742,13.217443,29.69727,330.64233,353.7366,33.48,,,,,,,,
2025-02-23 15:00:00+00:00,14.964999,41.0,1.8157579,11.281429,0.0,0.0,0.0,0.0,2.0,1023.5,1020.83417,71.0,0.0,70.0,2.0,0.14718924,1.0051161,12.7279215,35.069984,331.26028,354.69916,36.36,,,,,,,,
2025-02-23 16:00:00+00:00,14.115,37.0,-0.36944222,10.637912,0.0,0.0,0.0,0.0,2.0,1023.9,1021.22516,55.0,0.0,55.0,0.0,0.08396867,1.0160027,8.891344,36.04497,338.6293,357.13766,30.960001,,,,,,,,
2025-02-23 17:00:00+00:00,13.115,43.0,0.8082702,10.104874,0.0,0.0,0.0,0.0,2.0,1024.5,1021.81433,59.0,18.0,50.0,0.0,0.041046485,0.86139745,6.9527545,37.420956,338.74942,7.740248,21.96,,,,,,,,
2025-02-23 18:00:00+00:00,11.865,49.0,1.4850006,8.267053,0.0,0.0,0.0,0.0,1.0,1025.4,1022.70044,41.0,20.0,35.0,0.0,0.058462802,0.71007377,11.753877,33.70377,332.6502,23.278969,32.760002,,,,,,,,
2025-02-23 19:00:00+00:00,11.115,53.0,1.8888146,7.774398,0.0,0.0,0.0,0.0,2.0,1025.8,1023.092,50.0,21.0,43.0,0.0,0.04547117,0.62273633,10.464797,29.168886,333.43503,35.455555,28.8,,,,,,,,
2025-02-23 20:00:00+00:00,10.464999,58.0,2.5479076,7.4988375,0.0,0.0,0.0,0.0,2.0,1026.1,1023.3851,60.0,23.0,50.0,0.0,0.030674294,0.5329595,8.699793,22.45315,335.55606,48.900593,24.48,,,,,,,,
2025-02-23 21:00:00+00:00,9.815,63.0,3.1018631,7.185611,0.0,0.0,0.0,0.0,2.0,1026.3,1023.5785,69.0,24.0,58.0,0.0,0.018167527,0.4495604,7.0911775,18.723461,336.0375,52.02834,20.519999,,,,,,,,
2025-02-23 22:00:00+00:00,9.065,68.0,3.469793,6.6705446,0.0,0.0,0.0,0.0,0.0,1026.2,1023.47125,46.0,16.0,39.0,0.0,0.0089714,0.36970496,5.95906,17.81909,334.98312,44.999897,17.64,,,,,,,,
2025-02-23 23:00:00+00:00,8.264999,73.0,3.7092319,6.0814962,0.0,0.0,0.0,0.0,0.0,1025.9,1023.1645,24.0,9.0,19.0,0.0,0.0011130861,0.29551828,4.829907,14.773164,333.43503,46.97493,14.4,,,,,,,,
2025-02-24 00:00:00+00:00,7.6150002,76.0,3.6534104,5.5379734,0.0,0.0,0.0,0.0,0.0,1025.7,1022.9585,1.0,1.0,0.0,0.0,0.0,0.2513277,4.0249224,12.768586,333.43503,21.501507,11.5199995,,,,,,,,
2025-02-24 01:00:00+00:00,7.065,77.0,3.305695,5.0384884,0.0,0.0,0.0,0.0,0.0,1025.5,1022.75397,1.0,1.0,0.0,0.0,0.0,0.231974,3.219938,16.954432,333.43503,356.34784,9.72,,,,,,,,
2025-02-24 02:00:00+00:00,6.665,76.0,2.7331476,4.6225243,0.0,0.0,0.0,0.0,0.0,1025.3,1022.5504,0.0,0.0,0.0,0.0,0.0,0.23551011,2.5959969,17.643673,326.3099,358.83087,8.28,,,,,,,,
2025-02-24 03:00:00+00:00,6.465,74.0,2.1645007,4.3624763,0.0,0.0,0.0,0.0,0.0,1025.3,1022.54846,0.0,0.0,0.0,0.0,0.0,0.25165176,2.3051248,20.870687,321.34018,14.995138,6.4799995,,,,,,,,
2025-02-24 04:00:00+00:00,6.3650002,72.0,1.6842445,4.2179413,0.0,0.0,0.0,0.0,0.0,1025.8,1023.04614,0.0,0.0,0.0,0.0,0.0,0.26914996,2.0364676,15.778518,315.0001,27.149609,7.5599995,,,,,,,,
2025-02-24 05:00:00+00:00,6.465,69.0,1.1864636,4.224702,0.0,0.0,0.0,0.0,0.0,1026.5,1023.7452,0.0,0.0,0.0,0.0,0.0,0.30004483,2.0991426,9.504272,300.96368,37.30404,8.28,,,,,,,,
2025-02-24 06:00:00+00:00,7.265,64.0,0.90340424,4.838773,0.0,0.0,0.0,0.0,0.0,1026.9,1024.1522,0.0,0.0,0.0,0.0,0.058048233,0.36809033,3.0547013,14.332341,315.0001,11.592147,9.36,,,,,,,,
2025-02-24 07:00:00+00:00,9.264999,55.0,0.68281317,6.262203,0.0,0.0,0.0,0.0,3.0,1026.8,1024.0717,25.0,22.0,10.0,0.0,0.15132934,0.526948,6.763786,23.42491,334.79892,2.6424956,20.16,,,,,,,,
2025-02-24 08:00:00+00:00,11.964999,44.0,0.08270821,8.093638,0.0,0.0,0.0,0.0,3.0,1026.5,1023.7985,49.0,43.0,20.0,0.0,0.2650242,0.78484386,12.0694,24.29133,342.64587,6.808965,30.960001,,,,,,,,
2025-02-24 09:00:00+00:00,14.115,35.0,-1.1309973,10.150189,0.0,0.0,0.0,0.0,3.0,1026.1,1023.4194,74.0,65.0,30.0,0.0,0.36699682,1.0482576,16.071491,22.81957,344.40714,6.3401003,41.760002,,,,,,,,
2025-02-24 10:00:00+00:00,15.315,30.0,-2.1753945,11.3991,0.0,0.0,0.0,0.0,3.0,1025.5,1022.83215,80.0,53.0,49.0,0.0,0.41842103,1.2196376,16.854767,21.96295,340.0168,0.93916947,41.760002,,,,,,,,
2025-02-24 11:00:00+00:00,15.964999,27.0,-3.035738,11.9370365,0.0,0.0,0.0,0.0,3.0,1024.7,1022.0404,85.0,42.0,69.0,0.0,0.42219728,1.325904,15.941944,25.325686,334.59232,354.2895,41.760002,,,,,,,,
2025-02-24 12:00:00+00:00,16.165,26.0,-3.3711667,11.716979,0.0,0.0,0.0,0.0,3.0,1024.3,1021.6433,91.0,30.0,88.0,0.0,0.39233756,1.361314,15.629971,29.914679,331.07367,357.24094,41.760002,,,,,,,,
2025-02-24 13:00:00+00:00,15.915,26.0,-3.5849192,10.972807,0.0,0.0,0.0,0.0,2.0,1024.4,1021.7405,89.0,21.0,87.0,0.0,0.3426717,1.339783,15.941944,31.698402,334.59232,1.952469,41.760002,,,,,,,,
2025-02-24 14:00:00+00:00,15.214999,28.0,-3.192458,10.25532,0.0,0.0,0.0,0.0,2.0,1024.7,1022.0333,88.0,13.0,87.0,0.0,0.27141413,1.2464588,16.394829,34.828953,340.76923,7.12493,41.399998,,,,,,,,
2025-02-24 15:00:00+00:00,14.264999,32.0,-2.2176645,9.402219,0.0,0.0,0.0,0.0,2.0,1025.3,1022.6231,86.0,4.0,86.0,0.0,0.18750562,1.1073313,16.595179,35.09769,347.4712,26.827799,41.399998,,,,,,,,
2025-02-24 16:00:00+00:00,12.915,39.0,-0.71884704,8.422693,0.0,0.0,0.0,0.0,0.0,1026.2,1023.5079,59.0,4.0,57.0,0.0,0.10581956,0.90988845,15.496736,36.601574,357.33707,39.011856,39.6,,,,,,,,
2025-02-24 17:00:00+00:00,11.315,47.0,0.40092474,7.1216927,0.0,0.0,0.0,0.0,0.0,1027.3,1024.59,31.0,4.0,29.0,0.0,0.07288,0.71160114,14.618837,37.017033,9.926182,49.338352,37.44,,,,,,,,
2025-02-24 18:00:00+00:00,9.915,55.0,1.2892936,6.055707,0.0,0.0,0.0,0.0,0.0,1028.2,1025.4744,4.0,4.0,0.0,0.0,0.051718604,0.55043906,13.32,37.56613,18.924751,50.053883,35.64,,,,,,,,
2025-02-24 19:00:00+00:00,8.964999,61.0,1.8438551,5.514329,0.0,0.0,0.0,0.0,1.0,1028.7,1025.9636,11.0,11.0,0.0,0.0,0.034342073,0.44755375,11.165805,35.65636,20.772345,54.865738,29.16,,,,,,,,
2025-02-24 20:00:00+00:00,8.214999,65.0,2.0228171,5.2772264,0.0,0.0,0.0,0.0,1.0,1029.0,1026.2559,19.0,19.0,0.0,0.0,0.017854683,0.38178462,7.8625183,36.50052,15.945477,67.98867,23.039999,,,,,,,,
2025-02-24 21:00:00+00:00,7.515,69.0,2.1924164,4.907157,0.0,0.0,0.0,0.0,1.0,1029.1,1026.3484,26.0,26.0,0.0,0.0,0.006985426,0.32242632,5.8048253,33.137604,7.12493,72.942955,16.56,,,,,,,,
2025-02-24 22:00:00+00:00,6.8650002,71.0,1.9694752,4.3275156,0.0,0.0,0.0,0.0,0.0,1029.0,1026.2424,17.0,17.0,0.0,0.0,0.002879292,0.2885077,5.0528407,30.312773,4.085537,74.14801,15.4800005,,,,,,,,
2025-02-24 23:00:00+00:00,6.265,73.0,1.7808105,3.6946669,0.0,0.0,0.0,0.0,0.0,1028.8,1026.0371,9.0,9.0,0.0,0.0,0.0014506405,0.25775594,5.0528407,25.872454,4.085537,68.7907,14.4,,,,,,,,
2025-02-25 00:00:00+00:00,5.715,74.0,1.4400945,3.0863838,0.0,0.0,0.0,0.0,0.0,1028.6,1025.8322,0.0,0.0,0.0,0.0,0.00072496885,0.23895669,5.0528407,21.734581,4.085537,63.435013,13.32,,,,,,,,
2025-02-25 01:00:00+00:00,5.215,75.0,1.1438152,2.6348906,0.0,0.0,0.0,0.0,0.0,1028.4,1025.6279,0.0,0.0,0.0,0.0,0.0,0.2219333,4.379589,16.299694,9.462248,59.470375,11.159999,,,,,,,,
2025-02-25 02:00:00+00:00,4.815,77.0,1.1225306,2.3218746,0.0,0.0,0.0,0.0,0.0,1028.3,1025.524,0.0,0.0,0.0,0.0,0.0,0.19857109,3.7585104,15.575981,16.699326,56.3099,9.0,,,,,,,,
2025-02-25 03:00:00+00:00,4.6150002,76.0,0.74694085,2.1599317,0.0,0.0,0.0,0.0,0.0,1028.4,1025.6218,0.0,0.0,0.0,0.0,0.0,0.20433158,3.0758414,22.065973,20.556128,61.762657,6.8399997,,,,,,,,
2025-02-25 04:00:00+00:00,4.465,73.0,0.04475512,1.9762077,0.0,0.0,0.0,0.0,0.0,1028.9,1026.1189,0.0,0.0,0.0,0.0,0.0,0.22747326,2.5455842,29.671074,8.130019,54.38142,7.92,,,,,,,,
2025-02-25 05:00:00+00:00,4.565,68.0,-0.8343827,1.9155006,0.0,0.0,0.0,0.0,0.0,1029.6,1026.8181,0.0,0.0,0.0,0.0,0.0005343985,0.2714849,2.7416782,30.928587,336.8014,50.194473,9.0,,,,,,,,
2025-02-25 06:00:00+00:00,5.3650002,62.0,-1.3353708,2.5263681,0.0,0.0,0.0,0.0,0.0,1030.1,1027.3245,0.0,0.0,0.0,0.0,0.05760711,0.34085923,3.5455887,30.676142,336.0375,54.07141,10.08,,,,,,,,
2025-02-25 07:00:00+00:00,7.565,54.0,-1.154751,4.5343323,0.0,0.0,0.0,0.0,0.0,1030.4,1027.6458,0.0,0.0,0.0,0.0,0.14348838,0.48006183,5.04,32.97097,360.0,58.392544,15.84,,,,,,,,
2025-02-25 08:00:00+00:00,10.464999,45.0,-0.9741136,7.048815,0.0,0.0,0.0,0.0,0.0,1030.5,1027.7734,0.0,0.0,0.0,0.0,0.25410336,0.6979225,7.8625183,38.96324,15.945477,51.753532,21.599998,,,,,,,,
2025-02-25 09:00:00+00:00,12.915,37.0,-1.4383471,10.074811,0.0,0.0,0.0,0.0,0.0,1030.3,1027.5972,0.0,0.0,0.0,0.0,0.35975993,0.9397195,9.83268,37.51262,23.749514,52.80011,27.359999,,,,,,,,
2025-02-25 10:00:00+00:00,14.365,32.0,-2.130068,11.887856,0.0,0.0,0.0,0.0,2.0,1029.5,1026.8131,18.0,1.0,17.0,0.0,0.42222998,1.1145117,10.144082,36.095276,27.474344,51.072456,28.44,,,,,,,,
2025-02-25 11:00:00+00:00,15.365,29.0,-2.5903838,12.944599,0.0,0.0,0.0,0.0,2.0,1028.3,1025.6256,35.0,3.0,34.0,0.0,0.4413905,1.2410324,9.693296,37.017033,31.328646,49.338352,29.88,,,,,,,,
2025-02-25 12:00:00+00:00,15.964999,27.0,-3.035738,13.228125,0.0,0.0,0.0,0.0,2.0,1027.5,1024.8331,53.0,4.0,51.0,0.0,0.4218595,1.325904,9.290511,40.199284,35.537766,51.17992,30.960001,,,,,,,,
2025-02-25 13:00:00+00:00,16.487,25.0,-3.6218894,12.642994,0.0,0.0,0.0,0.0,3.0,1026.9,1024.2395,66.0,0.0,35.0,33.0,0.37167987,1.4082669,11.183201,40.896065,33.178535,53.23089,30.239998,,,,,,,,
2025-02-25 14:00:00+00:00,16.286999,25.0,-3.7921093,11.940916,0.0,0.0,0.0,0.0,3.0,1026.3,1023.6391,83.0,0.0,20.0,67.0,0.2881702,1.3904678,11.681987,41.33734,33.6901,56.72509,30.239998,,,,,,,,
2025-02-25 15:00:00+00:00,15.787001,26.0,-3.694371,11.408835,0.0,0.0,0.0,0.0,3.0,1026.0,1023.3353,100.0,0.0,6.0,100.0,0.19026867,1.3288752,11.983188,42.1692,32.73523,58.616863,29.88,,,,,,,,
2025-02-25 16:00:00+00:00,14.787001,29.0,-3.090927,10.516915,0.0,0.0,0.0,0.0,3.0,1026.1,1023.42584,100.0,0.0,4.0,100.0,0.10238503,1.1957879,11.753877,43.466175,27.349789,58.548,28.08,,,,,,,,
2025-02-25 17:00:00+00:00,13.387,33.0,-2.5722718,9.220078,0.0,0.0,0.0,0.0,3.0,1026.5,1023.81165,100.0,0.0,2.0,100.0,0.085090496,1.0306275,11.503113,44.732803,20.136398,56.82148,25.919998,,,,,,,,
2025-02-25 18:00:00+00:00,12.187,37.0,-2.0870907,8.182598,0.0,0.0,0.0,0.0,3.0,1026.8,1024.0997,100.0,0.0,0.0,100.0,0.071517676,0.8959327,10.829959,44.832645,15.42223,55.799465,24.119999,,,,,,,,
2025-02-25 19:00:00+00:00,11.287001,42.0,-1.1706523,7.6110916,0.0,0.0,0.0,0.0,3.0,1027.0,1024.2908,100.0,0.0,0.0,100.0,0.05463934,0.7772882,9.449572,42.941223,17.744766,55.24402,23.039999,,,,,,,,
2025-02-25 20:00:00+00:00,10.587001,46.0,-0.5615722,7.247081,0.0,0.0,0.0,0.0,3.0,1027.3,1024.5833,100.0,0.0,0.0,100.0,0.03915626,0.69082505,7.754637,40.258884,21.801476,54.46224,22.319998,,,,,,,,
2025-02-25 21:00:00+00:00,9.887,51.0,0.21561842,6.857318,0.0,0.0,0.0,0.0,3.0,1027.4,1024.6761,100.0,0.0,0.0,100.0,0.026159657,0.5982437,6.439876,37.5851,26.564985,53.569054,21.24,,,,,,,,
2025-02-25 22:00:00+00:00,9.187,55.0,0.61002976,6.359235,0.0,0.0,0.0,0.0,3.0,1027.4,1024.6694,100.0,0.0,0.0,100.0,0.017201904,0.52418923,5.4833565,35.141975,23.198618,52.073486,17.28,,,,,,,,
2025-02-25 23:00:00+00:00,8.587001,58.0,0.78497046,5.886633,0.0,0.0,0.0,0.0,3.0,1027.4,1024.6636,100.0,0.0,0.0,100.0,0.011253746,0.46983182,4.802999,32.682762,12.99463,49.46725,13.679999,,,,,,,,
2025-02-26 00:00:00+00:00,7.937,62.0,1.0990684,5.3562813,0.0,0.0,0.0,0.0,3.0,1027.3,1024.5576,100.0,0.0,0.0,100.0,0.006188576,0.40675527,4.3349743,30.811037,4.763556,46.420193,9.72,,,,,,,,
2025-02-26 01:00:00+00:00,7.187,66.0,1.2572954,4.6347075,0.0,0.0,0.0,0.0,0.0,1027.1,1024.3506,68.0,0.0,0.0,68.0,0.0034752707,0.34579217,4.32,30.05515,360.0,43.058525,9.72,,,,,,,,
2025-02-26 02:00:00+00:00,6.387,71.0,1.5100025,3.877183,0.0,0.0,0.0,0.0,0.0,1027.0,1024.2433,37.0,0.0,0.0,37.0,0.00037857037,0.27918488,4.32,30.192822,360.0,39.193268,10.08,,,,,,,,
2025-02-26 03:00:00+00:00,5.987,73.0,1.5127158,3.4775953,0.0,0.0,0.0,0.0,0.0,1026.9,1024.1396,5.0,0.0,0.0,5.0,0.0,0.25285882,4.32,29.882166,360.0,36.179718,10.08,,,,,,,,
2025-02-26 04:00:00+00:00,5.987,73.0,1.5127158,3.579977,0.0,0.0,0.0,0.0,0.0,1027.1,1024.3391,5.0,0.0,0.0,5.0,0.0,0.25285882,3.6179552,28.257132,354.2895,34.095036,9.0,,,,,,,,
2025-02-26 05:00:00+00:00,6.337,71.0,1.4619374,4.049202,0.0,0.0,0.0,0.0,0.0,1027.5,1024.7413,4.0,0.0,0.0,4.0,0.0010910574,0.27822512,2.7416782,26.368616,336.8014,32.171192,8.28,,,,,,,,
2025-02-26 06:00:00+00:00,7.387,66.0,1.4479256,5.125537,0.0,0.0,0.0,0.0,0.0,1027.7,1024.9509,4.0,0.0,0.0,4.0,0.05932813,0.3505519,2.5455842,24.881702,351.87,31.390213,7.2,,,,,,,,
2025-02-26 07:00:00+00:00,9.737,57.0,1.6213337,7.147032,0.0,0.0,0.0,0.0,2.0,1027.6,1024.874,19.0,4.0,12.0,6.0,0.15443386,0.51974213,5.00128,24.57511,30.256361,31.827414,15.84,,,,,,,,
2025-02-26 08:00:00+00:00,12.837001,46.0,1.4941695,9.580613,0.0,0.0,0.0,0.0,2.0,1027.2,1024.5046,33.0,9.0,25.0,7.0,0.27660984,0.80137384,9.422101,24.66197,46.54811,33.6901,24.48,,,,,,,,
2025-02-26 09:00:00+00:00,15.187,37.0,0.5849724,12.100777,0.0,0.0,0.0,0.0,2.0,1026.7,1024.0281,48.0,13.0,37.0,9.0,0.38536265,1.0886881,13.004922,24.162947,48.366554,33.453342,33.12,,,,,,,,
2025-02-26 10:00:00+00:00,16.237,34.0,0.34441093,13.251699,0.0,0.0,0.0,0.0,3.0,1025.9,1023.23987,65.0,19.0,58.0,6.0,0.43372557,1.2197146,14.264361,21.924562,47.045418,29.511406,33.48,,,,,,,,
2025-02-26 11:00:00+00:00,16.536999,33.0,0.1957182,13.362522,0.0,0.0,0.0,0.0,3.0,1025.0,1022.3447,83.0,26.0,79.0,3.0,0.4281188,1.262044,14.255272,19.386593,44.999897,21.801476,33.48,,,,,,,,
2025-02-26 12:00:00+00:00,16.637,33.0,0.2835224,13.007683,0.0,0.0,0.0,0.0,3.0,1024.3,1021.6476,100.0,32.0,100.0,0.0,0.38554436,1.2700818,13.755579,18.59845,42.878906,14.574262,33.839996,,,,,,,,
2025-02-26 13:00:00+00:00,16.587,33.0,0.23962305,12.603252,0.0,0.0,0.0,0.0,3.0,1024.0,1021.34796,96.0,21.0,96.0,0.0,0.31493363,1.2660573,13.004922,20.12461,41.63345,10.304792,32.039997,,,,,,,,
2025-02-26 14:00:00+00:00,16.237,33.0,-0.06771543,12.3881035,0.0,0.0,0.0,0.0,3.0,1024.0,1021.3448,91.0,11.0,91.0,0.0,0.22976293,1.2381988,11.753876,22.91026,40.030197,8.130019,30.239998,,,,,,,,
2025-02-26 15:00:00+00:00,15.787001,34.0,-0.052155964,12.121332,0.0,0.0,0.0,0.0,3.0,1024.1,1021.44025,87.0,0.0,87.0,0.0,0.15084575,1.1852106,10.514218,25.567604,38.047092,9.727519,28.44,,,,,,,,
2025-02-26 16:00:00+00:00,15.237,36.0,0.25029168,11.869951,0.0,0.0,0.0,0.0,3.0,1024.4,1021.73444,86.0,13.0,83.0,0.0,0.084619075,1.1095256,8.78872,28.241077,34.9921,17.049126,23.039999,,,,,,,,
2025-02-26 17:00:00+00:00,14.587001,38.0,0.41929558,11.609951,0.0,0.0,0.0,0.0,3.0,1024.9,1022.22705,85.0,25.0,78.0,0.0,0.04348223,1.0308356,6.297428,31.404713,30.963696,25.096222,18.0,,,,,,,,
2025-02-26 18:00:00+00:00,13.837001,42.0,1.1345232,11.142606,0.0,0.0,0.0,0.0,3.0,1025.3,1022.61896,84.0,38.0,74.0,0.0,0.029767847,0.9186616,5.154415,33.1845,24.775122,28.511152,12.599999,,,,,,,,
2025-02-26 19:00:00+00:00,12.987,47.0,1.9320853,10.399506,0.0,0.0,0.0,0.0,2.0,1025.7,1023.0102,77.0,25.0,71.0,0.0,0.026104169,0.79427874,5.3517847,31.25372,19.653913,24.498568,14.04,,,,,,,,
2025-02-26 20:00:00+00:00,12.037001,52.0,2.47664,9.446576,0.0,0.0,0.0,0.0,2.0,1026.0,1023.3004,71.0,13.0,67.0,0.0,0.025137734,0.67591226,6.0347,28.137632,17.354122,16.348253,15.119999,,,,,,,,
2025-02-26 21:00:00+00:00,11.137,58.0,3.178538,8.639298,0.0,0.0,0.0,0.0,2.0,1026.2,1023.4912,64.0,0.0,64.0,0.0,0.0202664,0.5572946,6.28713,25.86494,13.240531,8.806714,16.56,,,,,,,,
